[{"category":"dark","id":"0","author":"Alejandro Escamilla","width":5000,"height":3333,"url":"https://unsplash.com/photos/yC-Yzbqy7PY","download_url":"https://picsum.photos/id/0/5000/3333"},{"category":"Space","id":"1","author":"Alejandro Escamilla","width":5000,"height":3333,"url":"https://unsplash.com/photos/LNRyGwIJr5c","download_url":"https://picsum.photos/id/1/5000/3333"},{"category":"Family","id":"2","author":"Alejandro Escamilla","width":5000,"height":3333,"url":"https://unsplash.com/photos/N7XodRrbzS0","download_url":"https://picsum.photos/id/2/5000/3333"},{"category":"Nature","id":"3","author":"Alejandro Escamilla","width":5000,"height":3333,"url":"https://unsplash.com/photos/Dl6jeyfihLk","download_url":"https://picsum.photos/id/3/5000/3333"},{"category":"Car","id":"4","author":"Alejandro Escamilla","width":5000,"height":3333,"url":"https://unsplash.com/photos/y83Je1OC6Wc","download_url":"https://picsum.photos/id/4/5000/3333"},{"category":"Bike","id":"5","author":"Alejandro Escamilla","width":5000,"height":3334,"url":"https://unsplash.com/photos/LF8gK8-HGSg","download_url":"https://picsum.photos/id/5/5000/3334"},{"category":"Forest","id":"6","author":"Alejandro Escamilla","width":5000,"height":3333,"url":"https://unsplash.com/photos/tAKXap853rY","download_url":"https://picsum.photos/id/6/5000/3333"},{"category":"City","id":"7","author":"Alejandro Escamilla","width":4728,"height":3168,"url":"https://unsplash.com/photos/BbQLHCpVUqA","download_url":"https://picsum.photos/id/7/4728/3168"},{"category":"Sky","id":"8","author":"Alejandro Escamilla","width":5000,"height":3333,"url":"https://unsplash.com/photos/xII7efH1G6o","download_url":"https://picsum.photos/id/8/5000/3333"},{"category":"marval","id":"9","author":"Alejandro Escamilla","width":5000,"height":3269,"url":"https://unsplash.com/photos/ABDTiLqDhJA","download_url":"https://picsum.photos/id/9/5000/3269"},{"category":"Home","id":"10","author":"Paul Jarvis","width":2500,"height":1667,"url":"https://unsplash.com/photos/6J--NXulQCs","download_url":"https://picsum.photos/id/10/2500/1667"},{"category":"Man","id":"11","author":"Paul Jarvis","width":2500,"height":1667,"url":"https://unsplash.com/photos/Cm7oKel-X2Q","download_url":"https://picsum.photos/id/11/2500/1667"},{"category":"Women","id":"12","author":"Paul Jarvis","width":2500,"height":1667,"url":"https://unsplash.com/photos/I_9ILwtsl_k","download_url":"https://picsum.photos/id/12/2500/1667"},{"category":"child","id":"13","author":"Paul Jarvis","width":2500,"height":1667,"url":"https://unsplash.com/photos/3MtiSMdnoCo","download_url":"https://picsum.photos/id/13/2500/1667"},{"category":"Tech","id":"14","author":"Paul Jarvis","width":2500,"height":1667,"url":"https://unsplash.com/photos/IQ1kOQTJrOQ","download_url":"https://picsum.photos/id/14/2500/1667"},{"category":"Books","id":"15","author":"Paul Jarvis","width":2500,"height":1667,"url":"https://unsplash.com/photos/NYDo21ssGao","download_url":"https://picsum.photos/id/15/2500/1667"},{"category":"Rokects","id":"16","author":"Paul Jarvis","width":2500,"height":1667,"url":"https://unsplash.com/photos/gkT4FfgHO5o","download_url":"https://picsum.photos/id/16/2500/1667"},{"category":"Potrait","id":"17","author":"Paul Jarvis","width":2500,"height":1667,"url":"https://unsplash.com/photos/Ven2CV8IJ5A","download_url":"https://picsum.photos/id/17/2500/1667"},{"category":"Wallpaper","id":"18","author":"Paul Jarvis","width":2500,"height":1667,"url":"https://unsplash.com/photos/Ps2n0rShqaM","download_url":"https://picsum.photos/id/18/2500/1667"},{"category":"Asia","id":"19","author":"Paul Jarvis","width":2500,"height":1667,"url":"https://unsplash.com/photos/P7Lh0usGcuk","download_url":"https://picsum.photos/id/19/2500/1667"},{"category":"America","id":"20","author":"Aleks Dorohovich","width":3670,"height":2462,"url":"https://unsplash.com/photos/nJdwUHmaY8A","download_url":"https://picsum.photos/id/20/3670/2462"},{"category":"India","id":"21","author":"Alejandro Escamilla","width":3008,"height":2008,"url":"https://unsplash.com/photos/jVb0mSn0LbE","download_url":"https://picsum.photos/id/21/3008/2008"},{"category":"Landscap","id":"22","author":"Alejandro Escamilla","width":4434,"height":3729,"url":"https://unsplash.com/photos/du_OrQAA4r0","download_url":"https://picsum.photos/id/22/4434/3729"},{"category":"Birds","id":"23","author":"Alejandro Escamilla","width":3887,"height":4899,"url":"https://unsplash.com/photos/8yqds_91OLw","download_url":"https://picsum.photos/id/23/3887/4899"},{"category":"Fish","id":"24","author":"Alejandro Escamilla","width":4855,"height":1803,"url":"https://unsplash.com/photos/cZhUxIQjILg","download_url":"https://picsum.photos/id/24/4855/1803"},{"category":"Horse","id":"25","author":"Alejandro Escamilla","width":5000,"height":3333,"url":"https://unsplash.com/photos/Iuq0EL4EINY","download_url":"https://picsum.photos/id/25/5000/3333"},{"category":"Fire","id":"26","author":"Vadim Sherbakov","width":4209,"height":2769,"url":"https://unsplash.com/photos/tCICLJ5ktBE","download_url":"https://picsum.photos/id/26/4209/2769"},{"category":"Art","id":"27","author":"Yoni Kaplan-Nadel","width":3264,"height":1836,"url":"https://unsplash.com/photos/iJnZwLBOB1I","download_url":"https://picsum.photos/id/27/3264/1836"},{"category":"Plans","id":"28","author":"Jerry Adney","width":4928,"height":3264,"url":"https://unsplash.com/photos/_WiFMBRT7Aw","download_url":"https://picsum.photos/id/28/4928/3264"},{"category":"Tree","id":"29","author":"Go Wild","width":4000,"height":2670,"url":"https://unsplash.com/photos/V0yAek6BgGk","download_url":"https://picsum.photos/id/29/4000/2670"}]